t / s;&j / arb.u;&w / 1/s;t / s;M / arb.u
0,03;0,01;;0,03;-3,071
0,08;0,02;0,1;0,08;-3,071
0,13;0,02;0;0,13;-3,071
0,18;0,02;0;0,18;-3,071
0,23;0,02;0;0,23;-3,071
0,28;0,02;0;0,28;-3,071
0,33;0,02;0;0,33;-3,071
0,38;0,02;0;0,38;-3,071
0,43;0,02;0;0,43;-3,071
0,48;0,01;0;0,48;-3,071
0,53;0,01;0;0,53;-3,071
0,58;0,01;0;0,58;-3,071
0,63;0,01;0;0,63;-3,071
0,68;0,02;0,1;0,68;-3,071
0,73;0,02;0;0,73;-3,071
0,78;0,02;0;0,78;-3,071
0,83;0,02;0;0,83;-3,071
0,88;0,01;0;0,88;-3,071
0,93;0,01;0;0,93;-3,071
0,98;0,01;0,1;0,98;-3,071
1,03;0,02;0;1,03;-3,071
1,08;0,02;0;1,08;-3,071
1,13;0,02;0;1,13;-3,071
1,18;0,02;0;1,18;-3,071
1,23;0,02;0;1,23;-3,071
1,28;0,02;0;1,28;-3,071
1,33;0,02;0;1,33;-3,071
1,38;0,02;0;1,38;-3,071
1,43;0,01;0;1,43;-3,071
1,48;0,01;0;1,48;-3,071
1,53;0,01;0;1,53;-3,071
1,58;0,01;0;1,58;-3,071
1,63;0,01;0;1,63;-3,071
1,68;0,02;0,1;1,68;-3,071
1,73;0,02;0;1,73;-3,071
1,78;0,02;0;1,78;-3,071
1,83;0,02;-0,1;1,83;-3,071
1,88;0,01;0;1,88;-3,071
1,93;0,01;0;1,93;-3,071
1,98;0,01;0;1,98;-3,071
2,03;0,01;0,1;2,03;-3,071
2,08;0,02;0,1;2,08;-3,071
2,13;0,02;0;2,13;-3,071
2,18;0,02;0;2,18;-3,071
2,23;0,02;0;2,23;-3,071
2,28;0,02;0;2,28;-3,071
2,33;0,02;0;2,33;-3,071
2,38;0,02;0;2,38;-3,071
2,43;0,02;0;2,43;-3,071
2,48;0,01;0;2,48;-3,071
2,53;0,01;-0,2;2,53;-3,071
2,58;0;-0,4;2,58;-3,071
2,63;-0,03;-0,7;2,63;-3,071
2,68;-0,07;-0,9;2,68;-3,071
2,73;-0,11;-1;2,73;-3,071
2,78;-0,17;-1,2;2,78;-3,071
2,83;-0,24;-1,4;2,83;-3,071
2,88;-0,3;-1,4;2,88;-3,071
2,93;-0,37;-1,4;2,93;-3,071
2,98;-0,45;-1,4;2,98;-3,071
3,03;-0,51;-1,3;3,03;-3,071
3,08;-0,58;-1,3;3,08;-3,071
3,13;-0,65;-1,3;3,13;-3,071
3,18;-0,71;-1,3;3,18;-3,071
3,23;-0,77;-1,2;3,23;-3,071
3,28;-0,83;-1,1;3,28;-3,071
3,33;-0,88;-1;3,33;-3,071
3,38;-0,94;-1;3,38;-3,071
3,43;-0,99;-1,1;3,43;-3,071
3,48;-1,05;-1,2;3,48;-3,071
3,53;-1,11;-1,2;3,53;-3,071
3,58;-1,17;-1,1;3,58;-3,071
3,63;-1,22;-1;3,63;-3,071
3,68;-1,26;-0,8;3,68;-3,071
3,73;-1,29;-0,6;3,73;-3,071
3,78;-1,32;-0,5;3,78;-3,071
3,83;-1,34;-0,4;3,83;-3,071
3,88;-1,36;-0,4;3,88;-3,071
3,93;-1,38;-0,4;3,93;-3,071
3,98;-1,4;-0,3;3,98;-3,071
4,03;-1,41;-0,2;4,03;-3,071
4,08;-1,42;-0,2;4,08;-3,071
4,13;-1,43;-0,2;4,13;-3,071
4,18;-1,44;-0,1;4,18;-3,071
4,23;-1,44;0;4,23;-3,071
4,28;-1,44;0;4,28;-3,071
4,33;-1,44;0;4,33;-3,071
4,38;-1,44;0;4,38;-3,071
4,43;-1,44;0;4,43;-3,071
4,48;-1,44;0;4,48;-3,071
4,53;-1,44;0;4,53;-3,071
4,58;-1,44;0;4,58;-3,071
4,63;-1,44;0;4,63;-3,071
4,68;-1,44;0;4,68;-3,071
4,73;-1,44;0;4,73;-3,071
4,78;-1,44;0;4,78;-3,071
4,83;-1,44;0;4,83;-3,071
4,88;-1,44;0;4,88;-3,071
4,93;-1,44;0;4,93;-3,071
4,98;-1,44;0;4,98;-3,071
5,03;-1,44;0;5,03;-3,071
5,08;-1,44;0,3;5,08;-3,071
5,13;-1,41;0,9;5,13;-3,071
5,18;-1,34;1,7;5,18;-3,071
5,23;-1,24;2,4;5,23;-3,071
5,28;-1,11;3;5,28;-3,071
5,33;-0,95;3,5;5,33;-3,071
5,38;-0,76;3,9;5,38;-3,071
5,43;-0,55;4,2;5,43;-3,071
5,48;-0,34;4,3;5,48;-3,071
5,53;-0,12;4,3;5,53;-3,071
5,58;0,09;4,2;5,58;-3,071
5,63;0,3;4,2;5,63;-3,071
5,68;0,51;4,1;5,68;-3,071
5,73;0,71;3,9;5,73;-3,071
5,78;0,9;3,5;5,78;-3,071
5,83;1,06;2,9;5,83;-3,071
5,88;1,19;2,4;5,88;-3,071
5,93;1,3;1,7;5,93;-3,071
5,98;1,36;0,9;5,98;-3,071
6,03;1,39;0,1;6,03;-3,071
6,08;1,38;-0,6;6,08;-3,071
6,13;1,32;-1,4;6,13;-3,071
6,18;1,23;-2,1;6,18;-3,071
6,23;1,12;-2,7;6,23;-3,071
6,28;0,97;-3,2;6,28;-3,071
6,33;0,8;-3,5;6,33;-3,071
6,38;0,62;-3,7;6,38;-3,071
6,43;0,44;-3,7;6,43;-3,071
6,48;0,25;-3,7;6,48;-3,071
6,53;0,07;-3,7;6,53;-3,071
6,58;-0,12;-3,6;6,58;-3,071
6,63;-0,3;-3,6;6,63;-3,071
6,68;-0,47;-3,4;6,68;-3,071
6,73;-0,63;-3;6,73;-3,071
6,78;-0,77;-2,6;6,78;-3,071
6,83;-0,89;-2,1;6,83;-3,071
6,88;-0,98;-1,5;6,88;-3,071
6,93;-1,04;-1;6,93;-3,071
6,98;-1,08;-0,4;6,98;-3,071
7,03;-1,08;0,2;7,03;-3,071
7,08;-1,06;0,8;7,08;-3,071
7,13;-1,01;1,3;7,13;-3,071
7,18;-0,93;1,8;7,18;-3,071
7,23;-0,82;2,3;7,23;-3,071
7,28;-0,7;2,7;7,28;-3,071
7,33;-0,56;3;7,33;-3,071
7,38;-0,4;3,1;7,38;-3,071
7,43;-0,24;3,2;7,43;-3,071
7,48;-0,09;3,2;7,48;-3,071
7,53;0,07;3,1;7,53;-3,071
7,58;0,23;3,1;7,58;-3,071
7,63;0,38;3;7,63;-3,071
7,68;0,53;2,8;7,68;-3,071
7,73;0,66;2,5;7,73;-3,071
7,78;0,78;2,2;7,78;-3,071
7,83;0,88;1,7;7,83;-3,071
7,88;0,95;1,2;7,88;-3,071
7,93;1;0,7;7,93;-3,071
7,98;1,02;0,1;7,98;-3,071
8,03;1,01;-0,4;8,03;-3,071
8,08;0,98;-1;8,08;-3,071
8,13;0,92;-1,4;8,13;-3,071
8,18;0,84;-1,8;8,18;-3,071
8,23;0,74;-2,2;8,23;-3,071
8,28;0,62;-2,4;8,28;-3,071
8,33;0,5;-2,6;8,33;-3,071
8,38;0,36;-2,7;8,38;-3,071
8,43;0,23;-2,8;8,43;-3,071
8,48;0,09;-2,8;8,48;-3,071
8,53;-0,05;-2,7;8,53;-3,071
8,58;-0,18;-2,6;8,58;-3,071
8,63;-0,31;-2,5;8,63;-3,071
8,68;-0,43;-2,3;8,68;-3,071
8,73;-0,54;-2;8,73;-3,071
8,78;-0,64;-1,7;8,78;-3,071
8,83;-0,71;-1,3;8,83;-3,071
8,88;-0,76;-0,9;8,88;-3,071
8,93;-0,79;-0,4;8,93;-3,071
8,98;-0,81;-0,1;8,98;-3,071
9,03;-0,8;0,4;9,03;-3,071
9,08;-0,77;0,8;9,08;-3,071
9,13;-0,72;1,2;9,13;-3,071
9,18;-0,65;1,6;9,18;-3,071
9,23;-0,56;1,9;9,23;-3,071
9,28;-0,46;2,1;9,28;-3,071
9,33;-0,35;2,2;9,33;-3,071
9,38;-0,24;2,3;9,38;-3,071
9,43;-0,12;2,4;9,43;-3,071
9,48;0;2,4;9,48;-3,071
9,53;0,11;2,2;9,53;-3,071
9,58;0,23;2,2;9,58;-3,071
9,63;0,33;2,1;9,63;-3,071
9,68;0,44;2;9,68;-3,071
9,73;0,53;1,7;9,73;-3,071
9,78;0,6;1,4;9,78;-3,071
9,83;0,67;1,1;9,83;-3,071
9,88;0,71;0,7;9,88;-3,071
9,93;0,73;0,3;9,93;-3,071
9,98;0,74;0;9,98;-3,071
10,03;0,74;-0,4;10,03;-3,071
10,08;0,71;-0,8;10,08;-3,071
10,13;0,66;-1,1;10,13;-3,071
10,18;0,59;-1,4;10,18;-3,071
10,23;0,52;-1,6;10,23;-3,071
10,28;0,43;-1,8;10,28;-3,071
10,33;0,34;-1,9;10,33;-3,071
10,38;0,24;-2;10,38;-3,071
10,43;0,14;-2;10,43;-3,071
10,48;0,04;-2;10,48;-3,071
10,53;-0,06;-2;10,53;-3,071
10,58;-0,16;-1,9;10,58;-3,071
10,63;-0,25;-1,8;10,63;-3,071
10,68;-0,34;-1,6;10,68;-3,071
10,73;-0,42;-1,4;10,73;-3,071
10,78;-0,48;-1,2;10,78;-3,071
10,83;-0,53;-0,9;10,83;-3,071
10,88;-0,57;-0,5;10,88;-3,071
10,93;-0,59;-0,3;10,93;-3,071
10,98;-0,59;0;10,98;-3,071
11,03;-0,59;0,3;11,03;-3,071
11,08;-0,56;0,7;11,08;-3,071
11,13;-0,52;1;11,13;-3,071
11,18;-0,46;1,2;11,18;-3,071
11,23;-0,4;1,4;11,23;-3,071
11,28;-0,32;1,5;11,28;-3,071
11,33;-0,24;1,6;11,33;-3,071
11,38;-0,16;1,7;11,38;-3,071
11,43;-0,07;1,8;11,43;-3,071
11,48;0,02;1,7;11,48;-3,071
11,53;0,1;1,6;11,53;-3,071
11,58;0,18;1,6;11,58;-3,071
11,63;0,26;1,5;11,63;-3,071
11,68;0,33;1,4;11,68;-3,071
11,73;0,4;1,2;11,73;-3,071
11,78;0,45;0,9;11,78;-3,071
11,83;0,49;0,7;11,83;-3,071
11,88;0,53;0,5;11,88;-3,071
11,93;0,54;0,2;11,93;-3,071
11,98;0,54;-0,1;11,98;-3,071
12,03;0,53;-0,3;12,03;-3,071
12,08;0,51;-0,5;12,08;-3,071
12,13;0,48;-0,8;12,13;-3,071
12,18;0,43;-1;12,18;-3,071
12,23;0,38;-1,2;12,23;-3,071
12,28;0,32;-1,3;12,28;-3,071
12,33;0,25;-1,4;12,33;-3,071
12,38;0,18;-1,5;12,38;-3,071
12,43;0,1;-1,5;12,43;-3,071
12,48;0,02;-1,5;12,48;-3,071
12,53;-0,05;-1,4;12,53;-3,071
12,58;-0,12;-1,3;12,58;-3,071
12,63;-0,18;-1,3;12,63;-3,071
12,68;-0,25;-1,2;12,68;-3,071
12,73;-0,3;-1;12,73;-3,071
12,78;-0,35;-0,8;12,78;-3,071
12,83;-0,39;-0,6;12,83;-3,071
12,88;-0,41;-0,4;12,88;-3,071
12,93;-0,43;-0,1;12,93;-3,071
12,98;-0,43;0,1;12,98;-3,071
13,03;-0,42;0,2;13,03;-3,071
13,08;-0,4;0,5;13,08;-3,071
13,13;-0,37;0,7;13,13;-3,071
13,18;-0,33;0,9;13,18;-3,071
13,23;-0,29;1;13,23;-3,071
13,28;-0,23;1,1;13,28;-3,071
13,33;-0,17;1,2;13,33;-3,071
13,38;-0,11;1,3;13,38;-3,071
13,43;-0,05;1,3;13,43;-3,071
13,48;0,02;1,3;13,48;-3,071
13,53;0,08;1,2;13,53;-3,071
13,58;0,14;1,1;13,58;-3,071
13,63;0,19;1,1;13,63;-3,071
13,68;0,25;1;13,68;-3,071
13,73;0,3;0,8;13,73;-3,071
13,78;0,33;0,7;13,78;-3,071
13,83;0,36;0,5;13,83;-3,071
13,88;0,39;0,3;13,88;-3,071
13,93;0,4;0,1;13,93;-3,071
13,98;0,4;0;13,98;-3,071
14,03;0,39;-0,2;14,03;-3,071
14,08;0,37;-0,4;14,08;-3,071
14,13;0,36;-0,6;14,13;-3,071
14,18;0,32;-0,8;14,18;-3,071
14,23;0,28;-0,9;14,23;-3,071
14,28;0,23;-0,9;14,28;-3,071
14,33;0,18;-1;14,33;-3,071
14,38;0,13;-1,1;14,38;-3,071
14,43;0,08;-1,1;14,43;-3,071
14,48;0,02;-1,1;14,48;-3,071
14,53;-0,03;-1,1;14,53;-3,071
14,58;-0,08;-1;14,58;-3,071
14,63;-0,13;-0,9;14,63;-3,071
14,68;-0,17;-0,9;14,68;-3,071
14,73;-0,22;-0,8;14,73;-3,071
14,78;-0,25;-0,6;14,78;-3,071
14,83;-0,28;-0,4;14,83;-3,071
14,88;-0,29;-0,3;14,88;-3,071
14,93;-0,3;-0,1;14,93;-3,071
14,98;-0,31;0;14,98;-3,071
15,03;-0,3;0,2;15,03;-3,071
15,08;-0,29;0,3;15,08;-3,071
15,13;-0,27;0,5;15,13;-3,071
15,18;-0,24;0,6;15,18;-3,071
15,23;-0,21;0,7;15,23;-3,071
15,28;-0,17;0,8;15,28;-3,071
15,33;-0,12;0,9;15,33;-3,071
15,38;-0,08;0,9;15,38;-3,071
15,43;-0,04;0,9;15,43;-3,071
15,48;0,01;0,9;15,48;-3,071
15,53;0,06;0,9;15,53;-3,071
15,58;0,1;0,9;15,58;-3,071
15,63;0,14;0,8;15,63;-3,071
15,68;0,18;0,7;15,68;-3,071
15,73;0,21;0,6;15,73;-3,071
15,78;0,24;0,5;15,78;-3,071
15,83;0,26;0,4;15,83;-3,071
15,88;0,28;0,2;15,88;-3,071
15,93;0,28;0,2;15,93;-3,071
15,98;0,29;0;15,98;-3,071
16,03;0,29;-0,2;16,03;-3,071
16,08;0,28;-0,3;16,08;-3,071
16,13;0,26;-0,4;16,13;-3,071
16,18;0,24;-0,5;16,18;-3,071
16,23;0,21;-0,6;16,23;-3,071
16,28;0,18;-0,7;16,28;-3,071
16,33;0,14;-0,7;16,33;-3,071
16,38;0,11;-0,8;16,38;-3,071
16,43;0,06;-0,8;16,43;-3,071
16,48;0,03;-0,8;16,48;-3,071
16,53;-0,02;-0,8;16,53;-3,071
16,58;-0,05;-0,7;16,58;-3,071
16,63;-0,09;-0,6;16,63;-3,071
16,68;-0,12;-0,6;16,68;-3,071
16,73;-0,15;-0,6;16,73;-3,071
16,78;-0,17;-0,4;16,78;-3,071
16,83;-0,19;-0,3;16,83;-3,071
16,88;-0,2;-0,2;16,88;-3,071
16,93;-0,21;-0,1;16,93;-3,071
16,98;-0,22;0;16,98;-3,071
17,03;-0,21;0,1;17,03;-3,071
17,08;-0,2;0,2;17,08;-3,071
17,13;-0,19;0,3;17,13;-3,071
17,18;-0,17;0,4;17,18;-3,071
17,23;-0,15;0,5;17,23;-3,071
17,28;-0,12;0,6;17,28;-3,071
17,33;-0,09;0,6;17,33;-3,071
17,38;-0,05;0,7;17,38;-3,071
17,43;-0,02;0,6;17,43;-3,071
17,48;0,01;0,6;17,48;-3,071
17,53;0,04;0,6;17,53;-3,071
17,58;0,07;0,6;17,58;-3,071
17,63;0,1;0,6;17,63;-3,071
17,68;0,13;0,5;17,68;-3,071
17,73;0,15;0,4;17,73;-3,071
17,78;0,17;0,3;17,78;-3,071
17,83;0,19;0,3;17,83;-3,071
17,88;0,2;0,2;17,88;-3,071
17,93;0,21;0,1;17,93;-3,071
17,98;0,21;0,1;17,98;-3,071
18,03;0,21;-0,1;18,03;-3,071
18,08;0,2;-0,2;18,08;-3,071
18,13;0,19;-0,3;18,13;-3,071
18,18;0,18;-0,3;18,18;-3,071
18,23;0,16;-0,4;18,23;-3,071
18,28;0,13;-0,5;18,28;-3,071
18,33;0,11;-0,5;18,33;-3,071
18,38;0,08;-0,6;18,38;-3,071
18,43;0,05;-0,5;18,43;-3,071
18,48;0,03;-0,5;18,48;-3,071
18,53;0;-0,6;18,53;-3,071
18,58;-0,03;-0,5;18,58;-3,071
18,63;-0,06;-0,5;18,63;-3,071
18,68;-0,08;-0,4;18,68;-3,071
18,73;-0,1;-0,3;18,73;-3,071
18,78;-0,11;-0,3;18,78;-3,071
18,83;-0,13;-0,2;18,83;-3,071
18,88;-0,14;-0,2;18,88;-3,071
18,93;-0,15;-0,1;18,93;-3,071
18,98;-0,15;0;18,98;-3,071
19,03;-0,15;0,1;19,03;-3,071
19,08;-0,14;0,1;19,08;-3,071
19,13;-0,13;0,2;19,13;-3,071
19,18;-0,12;0,3;19,18;-3,071
19,23;-0,1;0,4;19,23;-3,071
19,28;-0,08;0,4;19,28;-3,071
19,33;-0,06;0,4;19,33;-3,071
19,38;-0,04;0,4;19,38;-3,071
19,43;-0,02;0,5;19,43;-3,071
19,48;0,01;0,5;19,48;-3,071
19,53;0,03;0,4;19,53;-3,071
19,58;0,05;0,4;19,58;-3,071
19,63;0,07;0,4;19,63;-3,071
19,68;0,09;0,4;19,68;-3,071
19,73;0,11;0,3;19,73;-3,071
19,78;0,13;0,2;19,78;-3,071
19,83;0,13;0,2;19,83;-3,071
19,88;0,14;0,1;19,88;-3,071
19,93;0,15;0,1;19,93;-3,071
19,98;0,15;0;19,98;-3,071
20,03;0,15;0;20,03;-3,071
20,08;0,15;-0,1;20,08;-3,071
20,13;0,14;-0,2;20,13;-3,071
20,18;0,13;-0,2;20,18;-3,071
20,23;0,11;-0,3;20,23;-3,071
20,28;0,1;-0,3;20,28;-3,071
20,33;0,08;-0,3;20,33;-3,071
20,38;0,07;-0,4;20,38;-3,071
20,43;0,05;-0,4;20,43;-3,071
20,48;0,03;-0,4;20,48;-3,071
20,53;0;-0,4;20,53;-3,071
20,58;-0,01;-0,3;20,58;-3,071
20,63;-0,03;-0,3;20,63;-3,071
20,68;-0,05;-0,3;20,68;-3,071
20,73;-0,06;-0,3;20,73;-3,071
20,78;-0,07;-0,2;20,78;-3,071
20,83;-0,08;-0,1;20,83;-3,071
20,88;-0,09;-0,1;20,88;-3,071
20,93;-0,09;-0,1;20,93;-3,071
20,98;-0,09;0;20,98;-3,071
21,03;-0,1;0;21,03;-3,071
21,08;-0,09;0,1;21,08;-3,071
21,13;-0,09;0,1;21,13;-3,071
21,18;-0,08;0,2;21,18;-3,071
21,23;-0,07;0,2;21,23;-3,071
21,28;-0,05;0,3;21,28;-3,071
21,33;-0,04;0,3;21,33;-3,071
21,38;-0,03;0,3;21,38;-3,071
21,43;-0,01;0,4;21,43;-3,071
21,48;0,01;0,3;21,48;-3,071
21,53;0,02;0,3;21,53;-3,071
21,58;0,04;0,3;21,58;-3,071
21,63;0,05;0,3;21,63;-3,071
21,68;0,07;0,2;21,68;-3,071
21,73;0,08;0,2;21,73;-3,071
21,78;0,09;0,2;21,78;-3,071
21,83;0,09;0,1;21,83;-3,071
21,88;0,1;0,1;21,88;-3,071
21,93;0,11;0,1;21,93;-3,071
21,98;0,11;0;21,98;-3,071
22,03;0,11;0;22,03;-3,071
22,08;0,11;-0,1;22,08;-3,071
22,13;0,1;-0,1;22,13;-3,071
22,18;0,09;-0,2;22,18;-3,071
22,23;0,09;-0,2;22,23;-3,071
22,28;0,08;-0,2;22,28;-3,071
22,33;0,06;-0,2;22,33;-3,071
22,38;0,05;-0,3;22,38;-3,071
22,43;0,04;-0,2;22,43;-3,071
22,48;0,03;-0,2;22,48;-3,071
22,53;0,01;-0,3;22,53;-3,071
22,58;0;-0,2;22,58;-3,071
22,63;-0,01;-0,2;22,63;-3,071
22,68;-0,02;-0,2;22,68;-3,071
22,73;-0,04;-0,2;22,73;-3,071
22,78;-0,04;-0,2;22,78;-3,071
22,83;-0,05;-0,1;22,83;-3,071
22,88;-0,05;0;22,88;-3,071
22,93;-0,06;0;22,93;-3,071
22,98;-0,06;0;22,98;-3,071
23,03;-0,06;0;23,03;-3,071
23,08;-0,05;0,1;23,08;-3,071
23,13;-0,06;0,1;23,13;-3,071
23,18;-0,05;0,1;23,18;-3,071
23,23;-0,04;0,2;23,23;-3,071
23,28;-0,03;0,2;23,28;-3,071
23,33;-0,02;0,2;23,33;-3,071
23,38;-0,01;0,2;23,38;-3,071
23,43;0;0,2;23,43;-3,071
23,48;0,01;0,2;23,48;-3,071
23,53;0,02;0,2;23,53;-3,071
23,58;0,03;0,2;23,58;-3,071
23,63;0,04;0,2;23,63;-3,071
23,68;0,05;0,1;23,68;-3,071
23,73;0,05;0,2;23,73;-3,071
23,78;0,07;0,2;23,78;-3,071
23,83;0,07;0,1;23,83;-3,071
23,88;0,07;0;23,88;-3,071
23,93;0,07;0;23,93;-3,071
23,98;0,08;0;23,98;-3,071
24,03;0,08;0;24,03;-3,071
24,08;0,08;-0,1;24,08;-3,071
24,13;0,07;-0,1;24,13;-3,071
24,18;0,07;-0,1;24,18;-3,071
24,23;0,06;-0,1;24,23;-3,071
24,28;0,06;-0,1;24,28;-3,071
24,33;0,05;-0,1;24,33;-3,071
24,38;0,04;-0,2;24,38;-3,071
24,43;0,03;-0,2;24,43;-3,071
24,48;0,02;-0,2;24,48;-3,071
24,53;0,01;-0,1;24,53;-3,071
24,58;0,01;-0,2;24,58;-3,071
24,63;0;-0,2;24,63;-3,071
24,68;-0,01;-0,1;24,68;-3,071
24,73;-0,01;-0,1;24,73;-3,071
24,78;-0,02;-0,1;24,78;-3,071
24,83;-0,03;-0,1;24,83;-3,071
24,88;-0,03;-0,1;24,88;-3,071
24,93;-0,03;0;24,93;-3,071
24,98;-0,03;0;24,98;-3,071
25,03;-0,03;0;25,03;-3,071
25,08;-0,03;0;25,08;-3,071
25,13;-0,03;0;25,13;-3,071
25,18;-0,02;0,1;25,18;-3,071
25,23;-0,02;0,1;25,23;-3,071
25,28;-0,01;0,1;25,28;-3,071
25,33;-0,01;0,1;25,33;-3,071
25,38;0;0,1;25,38;-3,071
25,43;0;0,2;25,43;-3,071
25,48;0,01;0,2;25,48;-3,071
25,53;0,02;0,1;25,53;-3,071
25,58;0,03;0,1;25,58;-3,071
25,63;0,03;0,1;25,63;-3,071
25,68;0,04;0,1;25,68;-3,071
25,73;0,04;0,1;25,73;-3,071
25,78;0,05;0,1;25,78;-3,071
25,83;0,05;0,1;25,83;-3,071
25,88;0,05;0;25,88;-3,071
25,93;0,05;0;25,93;-3,071
25,98;0,05;0;25,98;-3,071
26,03;0,05;0;26,03;-3,071
26,08;0,06;0;26,08;-3,071
26,13;0,05;-0,1;26,13;-3,071
26,18;0,05;-0,1;26,18;-3,071
26,23;0,05;-0,1;26,23;-3,071
26,28;0,04;-0,1;26,28;-3,071
26,33;0,04;-0,1;26,33;-3,071
26,38;0,03;-0,1;26,38;-3,071
26,43;0,02;-0,1;26,43;-3,071
26,48;0,02;-0,1;26,48;-3,071
26,53;0,02;-0,1;26,53;-3,071
26,58;0,01;-0,1;26,58;-3,071
26,63;0;-0,1;26,63;-3,071
26,68;0;-0,1;26,68;-3,071
26,73;0;0;26,73;-3,071
26,78;0;0;26,78;-3,071
26,83;-0,01;0;26,83;-3,071
26,88;-0,01;0;26,88;-3,071
26,93;-0,01;0;26,93;-3,071
26,98;-0,01;0;26,98;-3,071
27,03;-0,01;0;27,03;-3,071
27,08;-0,01;0;27,08;-3,071
27,13;-0,01;0;27,13;-3,071
27,18;-0,01;0,1;27,18;-3,071
27,23;-0,01;0,1;27,23;-3,071
27,28;0;0,1;27,28;-3,071
27,33;0;0,1;27,33;-3,071
27,38;0;0,1;27,38;-3,071
27,43;0;0,1;27,43;-3,071
27,48;0,02;0,1;27,48;-3,071
27,53;0,02;0,1;27,53;-3,071
27,58;0,02;0;27,58;-3,071
27,63;0,02;0,1;27,63;-3,071
27,68;0,03;0,1;27,68;-3,071
27,73;0,03;0,1;27,73;-3,071
27,78;0,03;0;27,78;-3,071
27,83;0,03;0;27,83;-3,071
27,88;0,04;0;27,88;-3,071
27,93;0,03;0;27,93;-3,071
27,98;0,04;0;27,98;-3,071
28,03;0,04;0;28,03;-3,071
28,08;0,04;0;28,08;-3,071
28,13;0,04;0;28,13;-3,071
28,18;0,04;0;28,18;-3,071
28,23;0,03;0;28,23;-3,071
28,28;0,03;0;28,28;-3,071
28,33;0,03;0;28,33;-3,071
28,38;0,03;-0,1;28,38;-3,071
28,43;0,02;-0,1;28,43;-3,071
28,48;0,02;-0,1;28,48;-3,071
28,53;0,01;0;28,53;-3,071
28,58;0,02;0;28,58;-3,071
28,63;0,01;-0,1;28,63;-3,071
28,68;0,01;-0,1;28,68;-3,071
28,73;0,01;0;28,73;-3,071
28,78;0,01;0;28,78;-3,071
28,83;0,01;0;28,83;-3,071
28,88;0,01;0;28,88;-3,071
28,93;0;0;28,93;-3,071
28,98;0;0;28,98;-3,071
29,03;0;0;29,03;-3,071
29,08;0;0;29,08;-3,071
29,13;0,01;0;29,13;-3,071
29,18;0;0;29,18;-3,071
29,23;0;0;29,23;-3,071
29,28;0,01;0;29,28;-3,071
29,33;0,01;0;29,33;-3,071
29,38;0,01;0,1;29,38;-3,071
29,43;0,01;0;29,43;-3,071
29,48;0,01;0;29,48;-3,071
29,53;0,01;0;29,53;-3,071
29,58;0,02;0,1;29,58;-3,071
29,63;0,02;0;29,63;-3,071
29,68;0,02;0;29,68;-3,071
29,73;0,02;0;29,73;-3,071
29,78;0,02;0;29,78;-3,071
29,83;0,02;0;29,83;-3,071
29,88;0,02;0,1;29,88;-3,071
29,93;0,03;0;29,93;-3,071
29,98;0,02;0;29,98;-3,071
30,03;0,02;0;30,03;-3,071
30,08;0,02;0;30,08;-3,071
30,13;0,03;0;30,13;-3,071
30,18;0,02;0;30,18;-3,071
30,23;0,02;0;30,23;-3,071
30,28;0,03;0;30,28;-3,071
30,33;0,02;0;30,33;-3,071
30,38;0,02;0;30,38;-3,071
30,43;0,02;0;30,43;-3,071
30,48;0,02;-0,1;30,48;-3,071
30,53;0,02;0;30,53;-3,071
30,58;0,02;0;30,58;-3,071
30,63;0,02;0;30,63;-3,071
30,68;0,02;0;30,68;-3,071
30,73;0,01;0;30,73;-3,071
30,78;0,01;0;30,78;-3,071
30,83;0,01;0;30,83;-3,071
30,88;0,01;0;30,88;-3,071
30,93;0,01;0;30,93;-3,071
30,98;0,02;0;30,98;-3,071
31,03;0,01;0;31,03;-3,071
31,08;0,01;0;31,08;-3,071
31,13;0,01;0;31,13;-3,071
31,18;0,01;0;31,18;-3,071
31,23;0,01;0;31,23;-3,071
31,28;0,01;0;31,28;-3,071
31,33;0,01;0;31,33;-3,071
31,38;0,01;0;31,38;-3,071
31,43;0,01;0;31,43;-3,071
31,48;0,01;0;31,48;-3,071
31,53;0,01;0;31,53;-3,071
31,58;0,01;0;31,58;-3,071
31,63;0,02;0;31,63;-3,071
31,68;0,02;0;31,68;-3,071
31,73;0,01;0;31,73;-3,071
31,78;0,01;0;31,78;-3,071
31,83;0,01;0;31,83;-3,071
31,88;0,01;0;31,88;-3,071
31,93;0,02;0;31,93;-3,071
31,98;0,02;0;31,98;-3,071
32,03;0,01;0;32,03;-3,071
32,08;0,01;0;32,08;-3,071
32,13;0,02;0;32,13;-3,071
32,18;0,02;0;32,18;-3,071
32,23;0,01;0;32,23;-3,071
32,28;0,02;0;32,28;-3,071
32,33;0,01;0;32,33;-3,071
32,38;0,02;0;32,38;-3,071
32,43;0,02;0;32,43;-3,071
32,48;0,02;0;32,48;-3,071
32,53;0,01;0;32,53;-3,071
32,58;0,01;0;32,58;-3,071
32,63;0,02;0;32,63;-3,071
32,68;0,02;0;32,68;-3,071
32,73;0,01;0;32,73;-3,071
32,78;0,01;0;32,78;-3,071
32,83;0,01;0;32,83;-3,071
32,88;0,01;0;32,88;-3,071
32,93;0,01;-0,1;32,93;-3,071
32,98;0,01;-0,2;32,98;-3,071
33,03;-0,01;-0,3;33,03;-3,071
33,08;-0,02;-0,4;33,08;-3,071
33,13;-0,05;-0,5;33,13;-3,071
33,18;-0,07;-0,7;33,18;-3,071
33,23;-0,11;-0,9;33,23;-3,071
33,28;-0,16;-1;33,28;-3,071
33,33;-0,21;-1,1;33,33;-3,071
33,38;-0,27;-1,2;33,38;-3,071
33,43;-0,33;-1,3;33,43;-3,071
33,48;-0,4;-1,4;33,48;-3,071
33,53;-0,48;-1,5;33,53;-3,071
33,58;-0,55;-1,5;33,58;-3,071
33,63;-0,62;-1,5;33,63;-3,071
33,68;-0,7;-1,5;33,68;-3,071
33,73;-0,78;-1,5;33,73;-3,071
33,78;-0,85;-1,4;33,78;-3,071
33,83;-0,92;-1,2;33,83;-3,071
33,88;-0,97;-1,1;33,88;-3,071
33,93;-1,02;-1;33,93;-3,071
33,98;-1,07;-0,8;33,98;-3,071
34,03;-1,11;-0,8;34,03;-3,071
34,08;-1,14;-0,7;34,08;-3,071
34,13;-1,18;-0,7;34,13;-3,071
34,18;-1,21;-0,7;34,18;-3,071
34,23;-1,25;-0,7;34,23;-3,071
34,28;-1,28;-0,7;34,28;-3,071
34,33;-1,31;-0,6;34,33;-3,071
34,38;-1,34;-0,5;34,38;-3,071
34,43;-1,36;-0,4;34,43;-3,071
34,48;-1,38;-0,3;34,48;-3,071
34,53;-1,4;-0,3;34,53;-3,071
34,58;-1,41;-0,3;34,58;-3,071
34,63;-1,42;-0,3;34,63;-3,071
34,68;-1,44;-0,2;34,68;-3,071
34,73;-1,44;0;34,73;-3,071
34,78;-1,44;0;34,78;-3,071
34,83;-1,44;0;34,83;-3,071
34,88;-1,44;0;34,88;-3,071
34,93;-1,44;0;34,93;-3,071
34,98;-1,44;0;34,98;-3,071
35,03;-1,44;0;35,03;-3,071
35,08;-1,44;0;35,08;-3,071
35,13;-1,44;0;35,13;-3,071
35,18;-1,44;0;35,18;-3,071
35,23;-1,44;0;35,23;-3,071
35,28;-1,44;0;35,28;-3,071
35,33;-1,44;0;35,33;-3,071
35,38;-1,44;0;35,38;-3,071
35,43;-1,44;0;35,43;-3,071
35,48;-1,44;0;35,48;-3,071
35,53;-1,44;0,4;35,53;-3,071
35,58;-1,4;1;35,58;-3,071
35,63;-1,33;1,8;35,63;-3,071
35,68;-1,23;2,4;35,68;-3,071
35,73;-1,09;3;35,73;-3,071
35,78;-0,92;3,6;35,78;-3,071
35,83;-0,73;4;35,83;-3,071
35,88;-0,52;4,3;35,88;-3,071
35,93;-0,31;4,3;35,93;-3,071
35,98;-0,09;4,3;35,98;-3,071
36,03;0,12;4,2;36,03;-3,071
36,08;0,33;4,1;36,08;-3,071
36,13;0,54;4;36,13;-3,071
36,18;0,74;3,8;36,18;-3,071
36,23;0,92;3,5;36,23;-3,071
36,28;1,08;2,9;36,28;-3,071
36,33;1,21;2,3;36,33;-3,071
36,38;1,31;1,5;36,38;-3,071
36,43;1,36;0,8;36,43;-3,071
36,48;1,39;0,1;36,48;-3,071
36,53;1,37;-0,7;36,53;-3,071
36,58;1,32;-1,5;36,58;-3,071
36,63;1,22;-2,2;36,63;-3,071
36,68;1,1;-2,7;36,68;-3,071
36,73;0,95;-3,2;36,73;-3,071
36,78;0,78;-3,5;36,78;-3,071
36,83;0,6;-3,7;36,83;-3,071
36,88;0,41;-3,7;36,88;-3,071
36,93;0,22;-3,8;36,93;-3,071
36,98;0,04;-3,7;36,98;-3,071
37,03;-0,14;-3,6;37,03;-3,071
37,08;-0,32;-3,5;37,08;-3,071
37,13;-0,49;-3,3;37,13;-3,071
37,18;-0,65;-3;37,18;-3,071
37,23;-0,79;-2,5;37,23;-3,071
37,28;-0,9;-2;37,28;-3,071
37,33;-0,99;-1,5;37,33;-3,071
37,38;-1,05;-0,9;37,38;-3,071
37,43;-1,08;-0,3;37,43;-3,071
37,48;-1,08;0,2;37,48;-3,071
37,53;-1,06;0,8;37,53;-3,071
37,58;-1;1,4;37,58;-3,071
37,63;-0,91;1,9;37,63;-3,071
37,68;-0,81;2,3;37,68;-3,071
37,73;-0,68;2,7;37,73;-3,071
37,78;-0,54;3;37,78;-3,071
37,83;-0,39;3,1;37,83;-3,071
37,88;-0,22;3,2;37,88;-3,071
37,93;-0,07;3,2;37,93;-3,071
37,98;0,1;3,1;37,98;-3,071
38,03;0,25;3;38,03;-3,071
38,08;0,4;2,9;38,08;-3,071
38,13;0,54;2,8;38,13;-3,071
38,18;0,67;2,5;38,18;-3,071
38,23;0,79;2,1;38,23;-3,071
38,28;0,88;1,7;38,28;-3,071
38,33;0,95;1,2;38,33;-3,071
38,38;1;0,7;38,38;-3,071
38,43;1,02;0,1;38,43;-3,071
38,48;1,01;-0,5;38,48;-3,071
38,53;0,97;-1;38,53;-3,071
38,58;0,91;-1,4;38,58;-3,071
38,63;0,83;-1,8;38,63;-3,071
38,68;0,73;-2,2;38,68;-3,071
38,73;0,61;-2,5;38,73;-3,071
38,78;0,48;-2,6;38,78;-3,071
38,83;0,34;-2,7;38,83;-3,071
38,88;0,21;-2,7;38,88;-3,071
38,93;0,07;-2,7;38,93;-3,071
38,98;-0,06;-2,7;38,98;-3,071
39,03;-0,2;-2,6;39,03;-3,071
39,08;-0,33;-2,5;39,08;-3,071
39,13;-0,45;-2,3;39,13;-3,071
39,18;-0,55;-2;39,18;-3,071
39,23;-0,64;-1,6;39,23;-3,071
39,28;-0,71;-1,2;39,28;-3,071
39,33;-0,77;-0,8;39,33;-3,071
39,38;-0,8;-0,4;39,38;-3,071
39,43;-0,81;0;39,43;-3,071
39,48;-0,79;0,4;39,48;-3,071
39,53;-0,76;0,9;39,53;-3,071
39,58;-0,71;1,2;39,58;-3,071
39,63;-0,64;1,6;39,63;-3,071
39,68;-0,55;1,9;39,68;-3,071
39,73;-0,45;2,1;39,73;-3,071
39,78;-0,34;2,2;39,78;-3,071
39,83;-0,22;2,3;39,83;-3,071
39,88;-0,1;2,3;39,88;-3,071
39,93;0,01;2,3;39,93;-3,071
39,98;0,13;2,3;39,98;-3,071
40,03;0,24;2,2;40,03;-3,071
40,08;0,35;2,1;40,08;-3,071
40,13;0,45;1,8;40,13;-3,071
40,18;0,53;1,6;40,18;-3,071
40,23;0,61;1,4;40,23;-3,071
40,28;0,67;1;40,28;-3,071
40,33;0,71;0,7;40,33;-3,071
40,38;0,74;0,3;40,38;-3,071
40,43;0,74;-0,1;40,43;-3,071
40,48;0,73;-0,5;40,48;-3,071
40,53;0,69;-0,8;40,53;-3,071
40,58;0,64;-1,1;40,58;-3,071
40,63;0,59;-1,4;40,63;-3,071
40,68;0,51;-1,7;40,68;-3,071
40,73;0,42;-1,8;40,73;-3,071
40,78;0,32;-1,9;40,78;-3,071
40,83;0,22;-2;40,83;-3,071
40,88;0,12;-2;40,88;-3,071
40,93;0,03;-2;40,93;-3,071
40,98;-0,07;-2;40,98;-3,071
41,03;-0,17;-1,9;41,03;-3,071
41,08;-0,26;-1,7;41,08;-3,071
41,13;-0,35;-1,6;41,13;-3,071
41,18;-0,42;-1,4;41,18;-3,071
41,23;-0,48;-1,1;41,23;-3,071
41,28;-0,53;-0,8;41,28;-3,071
41,33;-0,57;-0,5;41,33;-3,071
41,38;-0,59;-0,2;41,38;-3,071
41,43;-0,59;0,1;41,43;-3,071
41,48;-0,58;0,4;41,48;-3,071
41,53;-0,55;0,7;41,53;-3,071
41,58;-0,51;1;41,58;-3,071
41,63;-0,45;1,2;41,63;-3,071
41,68;-0,39;1,4;41,68;-3,071
41,73;-0,31;1,6;41,73;-3,071
41,78;-0,23;1,7;41,78;-3,071
41,83;-0,14;1,7;41,83;-3,071
41,88;-0,06;1,7;41,88;-3,071
41,93;0,03;1,7;41,93;-3,071
41,98;0,11;1,6;41,98;-3,071
42,03;0,19;1,6;42,03;-3,071
42,08;0,27;1,5;42,08;-3,071
42,13;0,34;1,3;42,13;-3,071
42,18;0,4;1,1;42,18;-3,071
42,23;0,45;0,9;42,23;-3,071
42,28;0,49;0,7;42,28;-3,071
42,33;0,52;0,4;42,33;-3,071
42,38;0,53;0,2;42,38;-3,071
42,43;0,54;0;42,43;-3,071
42,48;0,53;-0,3;42,48;-3,071
42,53;0,51;-0,6;42,53;-3,071
42,58;0,47;-0,9;42,58;-3,071
42,63;0,42;-1;42,63;-3,071
42,68;0,37;-1,1;42,68;-3,071
42,73;0,31;-1,3;42,73;-3,071
42,78;0,24;-1,4;42,78;-3,071
42,83;0,16;-1,5;42,83;-3,071
42,88;0,09;-1,5;42,88;-3,071
42,93;0,02;-1,5;42,93;-3,071
42,98;-0,06;-1,4;42,98;-3,071
43,03;-0,12;-1,4;43,03;-3,071
43,08;-0,19;-1,3;43,08;-3,071
43,13;-0,25;-1,1;43,13;-3,071
43,18;-0,31;-1;43,18;-3,071
43,23;-0,35;-0,8;43,23;-3,071
43,28;-0,38;-0,6;43,28;-3,071
43,33;-0,41;-0,3;43,33;-3,071
43,38;-0,42;-0,1;43,38;-3,071
43,43;-0,42;0;43,43;-3,071
43,48;-0,42;0,3;43,48;-3,071
43,53;-0,4;0,5;43,53;-3,071
43,58;-0,36;0,7;43,58;-3,071
43,63;-0,32;0,9;43,63;-3,071
43,68;-0,28;1;43,68;-3,071
43,73;-0,23;1,1;43,73;-3,071
43,78;-0,17;1,2;43,78;-3,071
43,83;-0,1;1,2;43,83;-3,071
43,88;-0,04;1,3;43,88;-3,071
43,93;0,02;1,2;43,93;-3,071
43,98;0,08;1,2;43,98;-3,071
44,03;0,14;1,1;44,03;-3,071
44,08;0,2;1,1;44,08;-3,071
44,13;0,25;1;44,13;-3,071
44,18;0,29;0,8;44,18;-3,071
44,23;0,33;0,7;44,23;-3,071
44,28;0,36;0,5;44,28;-3,071
44,33;0,38;0,3;44,33;-3,071
44,38;0,39;0,1;44,38;-3,071
44,43;0,39;-0,1;44,43;-3,071
44,48;0,38;-0,2;44,48;-3,071
44,53;0,37;-0,4;44,53;-3,071
44,58;0,35;-0,6;44,58;-3,071
44,63;0,31;-0,8;44,63;-3,071
44,68;0,27;-0,9;44,68;-3,071
44,73;0,22;-0,9;44,73;-3,071
44,78;0,18;-1;44,78;-3,071
44,83;0,13;-1,1;44,83;-3,071
44,88;0,07;-1,1;44,88;-3,071
44,93;0,02;-1,1;44,93;-3,071
44,98;-0,03;-1,1;44,98;-3,071
45,03;-0,09;-1;45,03;-3,071
45,08;-0,13;-0,9;45,08;-3,071
45,13;-0,18;-0,8;45,13;-3,071
45,18;-0,21;-0,7;45,18;-3,071
45,23;-0,25;-0,6;45,23;-3,071
45,28;-0,27;-0,4;45,28;-3,071
45,33;-0,29;-0,3;45,33;-3,071
45,38;-0,3;-0,1;45,38;-3,071
45,43;-0,3;0;45,43;-3,071
45,48;-0,3;0,2;45,48;-3,071
45,53;-0,28;0,4;45,53;-3,071
45,58;-0,26;0,5;45,58;-3,071
45,63;-0,23;0,6;45,63;-3,071
45,68;-0,2;0,7;45,68;-3,071
45,73;-0,16;0,8;45,73;-3,071
45,78;-0,12;0,9;45,78;-3,071
45,83;-0,07;0,9;45,83;-3,071
45,88;-0,03;0,9;45,88;-3,071
45,93;0,02;0,9;45,93;-3,071
45,98;0,06;0,9;45,98;-3,071
46,03;0,1;0,9;46,03;-3,071
46,08;0,15;0,8;46,08;-3,071
46,13;0,18;0,6;46,13;-3,071
46,18;0,21;0,6;46,18;-3,071
46,23;0,24;0,5;46,23;-3,071
46,28;0,26;0,4;46,28;-3,071
46,33;0,27;0,2;46,33;-3,071
46,38;0,28;0,1;46,38;-3,071
46,43;0,28;0;46,43;-3,071
46,48;0,28;-0,1;46,48;-3,071
46,53;0,27;-0,3;46,53;-3,071
46,58;0,25;-0,4;46,58;-3,071
46,63;0,23;-0,5;46,63;-3,071
46,68;0,2;-0,6;46,68;-3,071
46,73;0,17;-0,6;46,73;-3,071
46,78;0,14;-0,7;46,78;-3,071
46,83;0,1;-0,7;46,83;-3,071
46,88;0,06;-0,8;46,88;-3,071
46,93;0,02;-0,8;46,93;-3,071
46,98;-0,02;-0,8;46,98;-3,071
47,03;-0,05;-0,7;47,03;-3,071
47,08;-0,09;-0,6;47,08;-3,071
47,13;-0,12;-0,6;47,13;-3,071
47,18;-0,14;-0,5;47,18;-3,071
47,23;-0,17;-0,4;47,23;-3,071
47,28;-0,19;-0,3;47,28;-3,071
47,33;-0,2;-0,2;47,33;-3,071
47,38;-0,2;-0,1;47,38;-3,071
47,43;-0,21;0;47,43;-3,071
47,48;-0,21;0,1;47,48;-3,071
47,53;-0,2;0,2;47,53;-3,071
47,58;-0,18;0,4;47,58;-3,071
47,63;-0,16;0,5;47,63;-3,071
47,68;-0,14;0,5;47,68;-3,071
47,73;-0,11;0,5;47,73;-3,071
47,78;-0,08;0,6;47,78;-3,071
47,83;-0,05;0,6;47,83;-3,071
47,88;-0,02;0,6;47,88;-3,071
47,93;0,01;0,7;47,93;-3,071
47,98;0,04;0,7;47,98;-3,071
48,03;0,08;0,6;48,03;-3,071
48,08;0,1;0,5;48,08;-3,071
48,13;0,13;0,5;48,13;-3,071
48,18;0,15;0,4;48,18;-3,071
48,23;0,17;0,3;48,23;-3,071
48,28;0,19;0,3;48,28;-3,071
48,33;0,2;0,1;48,33;-3,071
48,38;0,2;0,1;48,38;-3,071
48,43;0,2;0;48,43;-3,071
48,48;0,2;-0,1;48,48;-3,071
48,53;0,2;-0,2;48,53;-3,071
48,58;0,18;-0,3;48,58;-3,071
48,63;0,16;-0,3;48,63;-3,071
48,68;0,15;-0,4;48,68;-3,071
48,73;0,13;-0,5;48,73;-3,071
48,78;0,1;-0,5;48,78;-3,071
48,83;0,08;-0,5;48,83;-3,071
48,88;0,05;-0,5;48,88;-3,071
48,93;0,02;-0,5;48,93;-3,071
48,98;0;-0,5;48,98;-3,071
49,03;-0,03;-0,5;49,03;-3,071
49,08;-0,05;-0,5;49,08;-3,071
49,13;-0,08;-0,4;49,13;-3,071
49,18;-0,1;-0,3;49,18;-3,071
49,23;-0,11;-0,3;49,23;-3,071
49,28;-0,12;-0,2;49,28;-3,071
49,33;-0,13;-0,2;49,33;-3,071
49,38;-0,14;-0,1;49,38;-3,071
49,43;-0,14;0;49,43;-3,071
49,48;-0,14;0;49,48;-3,071
49,53;-0,13;0,1;49,53;-3,071
49,58;-0,13;0,2;49,58;-3,071
49,63;-0,11;0,3;49,63;-3,071
49,68;-0,09;0,4;49,68;-3,071
49,73;-0,08;0,4;49,73;-3,071
49,78;-0,06;0,4;49,78;-3,071
49,83;-0,04;0,4;49,83;-3,071
49,88;-0,01;0,5;49,88;-3,071
49,93;0,01;0,5;49,93;-3,071
49,98;0,03;0,4;49,98;-3,071
50,03;0,05;0,4;50,03;-3,071
50,08;0,07;0,4;50,08;-3,071
50,13;0,09;0,4;50,13;-3,071
50,18;0,11;0,3;50,18;-3,071
50,23;0,12;0,2;50,23;-3,071
50,28;0,13;0,2;50,28;-3,071
50,33;0,14;0,1;50,33;-3,071
50,38;0,14;0,1;50,38;-3,071
50,43;0,14;0;50,43;-3,071
50,48;0,14;-0,1;50,48;-3,071
50,53;0,14;-0,1;50,53;-3,071
50,58;0,13;-0,2;50,58;-3,071
50,63;0,12;-0,3;50,63;-3,071
50,68;0,11;-0,3;50,68;-3,071
50,73;0,09;-0,3;50,73;-3,071
50,78;0,08;-0,3;50,78;-3,071
50,83;0,06;-0,3;50,83;-3,071
50,88;0,04;-0,4;50,88;-3,071
50,93;0,02;-0,4;50,93;-3,071
50,98;0;-0,4;50,98;-3,071
51,03;-0,01;-0,4;51,03;-3,071
51,08;-0,03;-0,3;51,08;-3,071
51,13;-0,04;-0,3;51,13;-3,071
51,18;-0,06;-0,2;51,18;-3,071
51,23;-0,07;-0,2;51,23;-3,071
51,28;-0,08;-0,2;51,28;-3,071
51,33;-0,08;-0,1;51,33;-3,071
51,38;-0,09;0;51,38;-3,071
51,43;-0,09;0;51,43;-3,071
51,48;-0,09;0;51,48;-3,071
51,53;-0,09;0,1;51,53;-3,071
51,58;-0,08;0,1;51,58;-3,071
51,63;-0,07;0,2;51,63;-3,071
51,68;-0,06;0,3;51,68;-3,071
51,73;-0,05;0,2;51,73;-3,071
51,78;-0,04;0,3;51,78;-3,071
51,83;-0,02;0,3;51,83;-3,071
51,88;-0,01;0,3;51,88;-3,071
51,93;0,01;0,3;51,93;-3,071
51,98;0,02;0,3;51,98;-3,071
52,03;0,04;0,3;52,03;-3,071
52,08;0,06;0,3;52,08;-3,071
52,13;0,07;0,2;52,13;-3,071
52,18;0,07;0,2;52,18;-3,071
52,23;0,09;0,2;52,23;-3,071
52,28;0,09;0,1;52,28;-3,071
52,33;0,1;0,1;52,33;-3,071
52,38;0,1;0,1;52,38;-3,071
52,43;0,1;0;52,43;-3,071
52,48;0,1;0;52,48;-3,071
52,53;0,1;-0,1;52,53;-3,071
52,58;0,09;-0,1;52,58;-3,071
52,63;0,08;-0,1;52,63;-3,071
52,68;0,08;-0,1;52,68;-3,071
52,73;0,07;-0,2;52,73;-3,071
52,78;0,06;-0,2;52,78;-3,071
52,83;0,05;-0,2;52,83;-3,071
52,88;0,03;-0,2;52,88;-3,071
52,93;0,02;-0,3;52,93;-3,071
52,98;0,01;-0,3;52,98;-3,071
53,03;0;-0,2;53,03;-3,071
53,08;-0,01;-0,2;53,08;-3,071
53,13;-0,02;-0,2;53,13;-3,071
53,18;-0,03;-0,2;53,18;-3,071
53,23;-0,04;-0,1;53,23;-3,071
53,28;-0,05;-0,1;53,28;-3,071
53,33;-0,05;-0,1;53,33;-3,071
53,38;-0,05;-0,1;53,38;-3,071
53,43;-0,05;0;53,43;-3,071
53,48;-0,06;0,1;53,48;-3,071
53,53;-0,05;0,1;53,53;-3,071
53,58;-0,05;0,1;53,58;-3,071
53,63;-0,04;0,1;53,63;-3,071
53,68;-0,04;0,1;53,68;-3,071
53,73;-0,03;0,2;53,73;-3,071
53,78;-0,02;0,2;53,78;-3,071
53,83;-0,01;0,2;53,83;-3,071
53,88;0;0,2;53,88;-3,071
53,93;0,01;0,2;53,93;-3,071
53,98;0,02;0,2;53,98;-3,071
54,03;0,03;0,2;54,03;-3,071
54,08;0,04;0,2;54,08;-3,071
54,13;0,05;0,2;54,13;-3,071
54,18;0,05;0,1;54,18;-3,071
54,23;0,06;0,1;54,23;-3,071
54,28;0,06;0,1;54,28;-3,071
54,33;0,07;0;54,33;-3,071
54,38;0,07;0;54,38;-3,071
54,43;0,07;0;54,43;-3,071
54,48;0,07;0;54,48;-3,071
54,53;0,07;0;54,53;-3,071
54,58;0,07;-0,1;54,58;-3,071
54,63;0,06;-0,1;54,63;-3,071
54,68;0,05;-0,1;54,68;-3,071
54,73;0,05;-0,1;54,73;-3,071
54,78;0,04;-0,1;54,78;-3,071
54,83;0,04;-0,2;54,83;-3,071
54,88;0,03;-0,2;54,88;-3,071
54,93;0,02;-0,2;54,93;-3,071
54,98;0,01;-0,2;54,98;-3,071
55,03;0;-0,2;55,03;-3,071
55,08;0;-0,1;55,08;-3,071
55,13;0;-0,1;55,13;-3,071
55,18;-0,01;-0,1;55,18;-3,071
55,23;-0,02;-0,1;55,23;-3,071
55,28;-0,02;-0,1;55,28;-3,071
55,33;-0,02;-0,1;55,33;-3,071
55,38;-0,03;0;55,38;-3,071
55,43;-0,02;0;55,43;-3,071
55,48;-0,03;0;55,48;-3,071
55,53;-0,02;0;55,53;-3,071
55,58;-0,03;0;55,58;-3,071
55,63;-0,02;0,1;55,63;-3,071
55,68;-0,02;0,1;55,68;-3,071
55,73;-0,01;0,1;55,73;-3,071
55,78;-0,01;0,1;55,78;-3,071
55,83;0;0,1;55,83;-3,071
55,88;0,01;0,1;55,88;-3,071
55,93;0,01;0,1;55,93;-3,071
55,98;0,02;0,1;55,98;-3,071
56,03;0,02;0,1;56,03;-3,071
56,08;0,03;0,1;56,08;-3,071
56,13;0,04;0,1;56,13;-3,071
56,18;0,04;0,1;56,18;-3,071
56,23;0,04;0;56,23;-3,071
56,28;0,04;0;56,28;-3,071
56,33;0,05;0;56,33;-3,071
56,38;0,05;0;56,38;-3,071
56,43;0,05;0;56,43;-3,071
56,48;0,05;0;56,48;-3,071
56,53;0,05;0;56,53;-3,071
56,58;0,04;0;56,58;-3,071
56,63;0,04;0;56,63;-3,071
56,68;0,04;0;56,68;-3,071
56,73;0,04;-0,1;56,73;-3,071
56,78;0,03;-0,1;56,78;-3,071
56,83;0,03;-0,1;56,83;-3,071
56,88;0,02;-0,1;56,88;-3,071
56,93;0,02;-0,1;56,93;-3,071
56,98;0,01;-0,1;56,98;-3,071
57,03;0,01;-0,1;57,03;-3,071
57,08;0,01;0;57,08;-3,071
57,13;0,01;-0,1;57,13;-3,071
57,18;0;-0,1;57,18;-3,071
57,23;0;-0,1;57,23;-3,071
57,28;-0,01;0;57,28;-3,071
57,33;-0,01;0;57,33;-3,071
57,38;-0,01;0;57,38;-3,071
57,43;0;0;57,43;-3,071
57,48;-0,01;0;57,48;-3,071
57,53;-0,01;0;57,53;-3,071
57,58;-0,01;0;57,58;-3,071
57,63;-0,01;0,1;57,63;-3,071
57,68;0;0,1;57,68;-3,071
57,73;0;0;57,73;-3,071
57,78;0;0;57,78;-3,071
57,83;0,01;0,1;57,83;-3,071
57,88;0,01;0,1;57,88;-3,071
57,93;0,01;0;57,93;-3,071
57,98;0,01;0,1;57,98;-3,071
58,03;0,02;0,1;58,03;-3,071
58,08;0,02;0;58,08;-3,071
58,13;0,03;0;58,13;-3,071
58,18;0,03;0;58,18;-3,071
58,23;0,03;0;58,23;-3,071
58,28;0,03;0;58,28;-3,071
58,33;0,03;0;58,33;-3,071
58,38;0,03;0;58,38;-3,071
58,43;0,03;0;58,43;-3,071
58,48;0,03;0;58,48;-3,071
58,53;0,03;0;58,53;-3,071
58,58;0,03;0;58,58;-3,071
58,63;0,03;-0,1;58,63;-3,071
58,68;0,03;-0,1;58,68;-3,071
58,73;0,03;-0,1;58,73;-3,071
58,78;0,02;-0,1;58,78;-3,071
58,83;0,02;0;58,83;-3,071
58,88;0,02;0;58,88;-3,071
58,93;0,02;0;58,93;-3,071
58,98;0,02;0;58,98;-3,071
59,03;0,02;-0,1;59,03;-3,071
59,08;0,01;-0,1;59,08;-3,071
59,13;0,01;0;59,13;-3,071
59,18;0,01;0;59,18;-3,071
59,23;0,01;0;59,23;-3,071
59,28;0,01;0;59,28;-3,071
59,33;0,01;0;59,33;-3,071
59,38;0,01;0;59,38;-3,071
59,43;0,01;0;59,43;-3,071
59,48;0;0;59,48;-3,071
59,53;0,01;0;59,53;-3,071
59,58;0,01;0;59,58;-3,071
59,63;0,01;0;59,63;-3,071
59,68;0,01;0;59,68;-3,071
59,73;0,01;0;59,73;-3,071
59,78;0,01;0;59,78;-3,071
59,83;0,01;0;59,83;-3,071
59,88;0,01;0;59,88;-3,071
59,93;0,01;0;59,93;-3,071
59,98;0,02;0,1;59,98;-3,071
60,03;0,02;0;60,03;-3,071
60,08;0,02;0;60,08;-3,071
60,13;0,02;0;60,13;-3,071
60,18;0,02;0;60,18;-3,071
60,23;0,02;0;60,23;-3,071
60,28;0,02;0;60,28;-3,071
60,33;0,02;0;60,33;-3,071
60,38;0,02;0;60,38;-3,071
60,43;0,02;0;60,43;-3,071
60,48;0,02;0;60,48;-3,071
60,53;0,02;0;60,53;-3,071
60,58;0,02;0;60,58;-3,071
60,63;0,02;0;60,63;-3,071
60,68;0,02;0;60,68;-3,071
60,73;0,02;0;60,73;-3,071
60,78;0,02;0;60,78;-3,071
60,83;0,02;0;60,83;-3,071
60,88;0,02;0;60,88;-3,071
60,93;0,02;0;60,93;-3,071
60,98;0,01;0;60,98;-3,071
61,03;0,01;0;61,03;-3,071
61,08;0,02;0;61,08;-3,071
61,13;0,02;0;61,13;-3,071
61,18;0,01;0;61,18;-3,071
61,23;0,02;0;61,23;-3,071
61,28;0,01;0;61,28;-3,071
61,33;0,01;0;61,33;-3,071
61,38;0,01;0;61,38;-3,071
61,43;0,02;0;61,43;-3,071
61,48;0,01;0;61,48;-3,071
61,53;0,01;0;61,53;-3,071
61,58;0,01;0;61,58;-3,071
61,63;0,01;0;61,63;-3,071
61,68;0,01;0,1;61,68;-3,071
61,73;0,02;0;61,73;-3,071
61,78;0,01;0;61,78;-3,071
61,83;0,02;0;61,83;-3,071
61,88;0,02;0;61,88;-3,071
61,93;0,02;0;61,93;-3,071
61,98;0,01;0;61,98;-3,071
62,03;0,01;0;62,03;-3,071
62,08;0,01;0;62,08;-3,071
62,13;0,01;0;62,13;-3,071
62,18;0,02;0;62,18;-3,071
62,23;0,02;0;62,23;-3,071
62,28;0,01;0;62,28;-3,071
62,33;0,02;0;62,33;-3,071
62,38;0,01;0;62,38;-3,071
62,43;0,01;0;62,43;-3,071
62,48;0,01;0;62,48;-3,071
62,53;0,02;0;62,53;-3,071
62,58;0,02;0;62,58;-3,071
62,63;0,02;0;62,63;-3,071
62,68;0,01;0;62,68;-3,071
62,73;0,02;0;62,73;-3,071
62,78;0,01;0;62,78;-3,071
62,83;0,01;0;62,83;-3,071
62,88;0,01;0;62,88;-3,071
62,93;0,01;0;62,93;-3,071
62,98;0,01;0;62,98;-3,071
63,03;0,02;0;63,03;-3,071
63,08;0,02;0;63,08;-3,071
63,13;0,02;0;63,13;-3,071
63,18;0,01;0;63,18;-3,071
63,23;0,02;0;63,23;-3,071
63,28;0,01;0;63,28;-3,071
63,33;0,02;0;63,33;-3,071
63,38;0,01;0;63,38;-3,071
63,43;0,02;0;63,43;-3,071
63,48;0,02;0;63,48;-3,071
63,53;0,02;0;63,53;-3,071
63,58;0,01;0;63,58;-3,071
63,63;0,01;0;63,63;-3,071
63,68;0,01;0;63,68;-3,071
63,73;0,01;0;63,73;-3,071
63,78;0,02;0;63,78;-3,071
63,83;0,02;0;63,83;-3,071
63,88;0,01;0;63,88;-3,071
63,93;0,02;0;63,93;-3,071
63,98;0,02;0;63,98;-3,071
64,03;0,02;0;64,03;-3,071
64,08;0,01;0;64,08;-3,071
64,13;0,01;0;64,13;-3,071
64,18;0,01;0;64,18;-3,071
64,23;0,02;0;64,23;-3,071
64,28;0,01;0;64,28;-3,071
64,33;0,02;0;64,33;-3,071
64,38;0,01;0;64,38;-3,071
64,43;0,01;0;64,43;-3,071
64,48;0,01;0;64,48;-3,071
64,53;0,01;0,1;64,53;-3,071
64,58;0,02;0;64,58;-3,071
64,63;0,02;0;64,63;-3,071
64,68;0,01;0;64,68;-3,071
64,73;0,01;0;64,73;-3,071
64,78;0,01;0;64,78;-3,071
64,83;0,01;0;64,83;-3,071
64,88;0,01;0;64,88;-3,071
64,93;0,02;0;64,93;-3,071
64,98;0,02;0;64,98;-3,071
65,03;0,02;0;65,03;-3,071
65,08;0,01;0;65,08;-3,071
65,13;0,02;0;65,13;-3,071
65,18;0,01;0;65,18;-3,071
65,23;0,02;0;65,23;-3,071
65,28;0,01;0;65,28;-3,071
65,33;0,02;0;65,33;-3,071
65,38;0,01;0;65,38;-3,071
65,43;0,02;0;65,43;-3,071
65,48;0,02;0;65,48;-3,071
65,53;0,02;0;65,53;-3,071
65,58;0,01;0;65,58;-3,071
65,63;0,01;0;65,63;-3,071
65,68;0,02;0;65,68;-3,071
65,73;0,02;0;65,73;-3,071
65,78;0,01;0;65,78;-3,071
65,83;0,02;0;65,83;-3,071
65,88;0,02;0;65,88;-3,071
65,93;0,02;0;65,93;-3,071
65,98;0,01;0;65,98;-3,071
66,03;0,01;0;66,03;-3,071
66,08;0,01;0;66,08;-3,071
66,13;0,02;0;66,13;-3,071
66,18;0,01;0;66,18;-3,071
66,23;0,02;0;66,23;-3,071
66,28;0,01;0;66,28;-3,071
66,33;0,02;0;66,33;-3,071
66,38;0,01;0;66,38;-3,071
66,43;0,01;0;66,43;-3,071
66,48;0,01;0;66,48;-3,071
66,53;0,02;0;66,53;-3,071
66,58;0,02;0;66,58;-3,071
66,63;0,02;0;66,63;-3,071
66,68;0,01;0;66,68;-3,071
66,73;0,02;0;66,73;-3,071
66,78;0,01;0;66,78;-3,071
66,83;0,01;0;66,83;-3,071
66,88;0,01;0;66,88;-3,071
66,93;0,02;0;66,93;-3,071
66,98;0,01;0;66,98;-3,071
67,03;0,01;0;67,03;-3,071
67,08;0,02;0;67,08;-3,071
67,13;0,02;0;67,13;-3,071
67,18;0,01;0;67,18;-3,071
67,23;0,02;0;67,23;-3,071
67,28;0,01;0;67,28;-3,071
67,33;0,02;0;67,33;-3,071
67,38;0,01;0;67,38;-3,071
67,43;0,01;0;67,43;-3,071
67,48;0,01;0;67,48;-3,071
67,53;0,01;0;67,53;-3,071
67,58;0,02;0;67,58;-3,071
67,63;0,02;0;67,63;-3,071
67,68;0,02;0;67,68;-3,071
67,73;0,02;0;67,73;-3,071
67,78;0,01;0;67,78;-3,071
67,83;0,02;0;67,83;-3,071
67,88;0,01;0;67,88;-3,071
67,93;0,02;0;67,93;-3,071
67,98;0,01;0;67,98;-3,071
68,03;0,01;0;68,03;-3,071
68,08;0,01;0;68,08;-3,071
68,13;0,02;0;68,13;-3,071
68,18;0,02;0;68,18;-3,071
68,23;0,02;0;68,23;-3,071
68,28;0,01;0;68,28;-3,071
68,33;0,01;0;68,33;-3,071
68,38;0,01;0,1;68,38;-3,071
68,43;0,02;0;68,43;-3,071
68,48;0,02;0;68,48;-3,071
68,53;0,02;0;68,53;-3,071
68,58;0,01;0;68,58;-3,071
68,63;0,02;0;68,63;-3,071
68,68;0,01;0;68,68;-3,071
68,73;0,01;0;68,73;-3,071
68,78;0,01;0;68,78;-3,071
68,83;0,01;0;68,83;-3,071
68,88;0,01;0;68,88;-3,071
68,93;0,01;0;68,93;-3,071
68,98;0,01;0;68,98;-3,071
69,03;0,02;0;69,03;-3,071
69,08;0,02;0;69,08;-3,071
69,13;0,02;0;69,13;-3,071
69,18;0,01;0;69,18;-3,071
69,23;0,02;0;69,23;-3,071
69,28;0,01;0;69,28;-3,071
69,33;0,02;0;69,33;-3,071
69,38;0,01;0;69,38;-3,071
69,43;0,01;0;69,43;-3,071
69,48;0,01;0;69,48;-3,071
69,53;0,01;0;69,53;-3,071
69,58;0,01;0,1;69,58;-3,071
69,63;0,02;0;69,63;-3,071
69,68;0,02;0;69,68;-3,071
69,73;0,02;0;69,73;-3,071
69,78;0,01;0;69,78;-3,071
69,83;0,02;0;69,83;-3,071
69,88;0,02;0;69,88;-3,071
69,93;0,02;0;69,93;-3,071
69,98;0,01;0;69,98;-3,071
70,03;0,01;0;70,03;-3,071
70,08;0,01;0;70,08;-3,071
70,13;0,01;0;70,13;-3,071
70,18;0,02;0;70,18;-3,071
70,23;0,02;0;70,23;-3,071
70,28;0,01;0;70,28;-3,071
70,33;0,02;0;70,33;-3,071
70,38;0,02;0;70,38;-3,071
70,43;0,02;0;70,43;-3,071
70,48;0,01;0;70,48;-3,071
70,53;0,01;0;70,53;-3,071
70,58;0,01;0;70,58;-3,071
70,63;0,02;0;70,63;-3,071
70,68;0,02;0;70,68;-3,071
70,73;0,02;0;70,73;-3,071
70,78;0,01;0;70,78;-3,071
70,83;0,02;0;70,83;-3,071
70,88;0,01;0;70,88;-3,071
70,93;0,02;0;70,93;-3,071
70,98;0,01;0;70,98;-3,071
71,03;0,01;0;71,03;-3,071
71,08;0,01;0;71,08;-3,071
71,13;0,01;0;71,13;-3,071
71,18;0,02;0;71,18;-3,071
71,23;0,02;0;71,23;-3,071
71,28;0,01;0;71,28;-3,071
71,33;0,02;0;71,33;-3,071
71,38;0,01;0;71,38;-3,071
71,43;0,02;0;71,43;-3,071
71,48;0,01;0;71,48;-3,071
71,53;0,01;0;71,53;-3,071
71,58;0,01;0;71,58;-3,071
71,63;0,02;0;71,63;-3,071
71,68;0,02;0;71,68;-3,071
71,73;0,02;0;71,73;-3,071
71,78;0,01;0;71,78;-3,071
71,83;0,02;0;71,83;-3,071
71,88;0,01;0;71,88;-3,071
71,93;0,02;0;71,93;-3,071
71,98;0,01;0;71,98;-3,071
72,03;0,01;0;72,03;-3,071
72,08;0,02;0;72,08;-3,071
72,13;0,02;0;72,13;-3,071
72,18;0,01;0;72,18;-3,071
72,23;0,02;0;72,23;-3,071
72,28;0,01;0;72,28;-3,071
72,33;0,02;0;72,33;-3,071
72,38;0,01;0;72,38;-3,071
72,43;0,02;0;72,43;-3,071
72,48;0,02;0;72,48;-3,071
72,53;0,02;0;72,53;-3,071
72,58;0,01;0;72,58;-3,071
72,63;0,01;0;72,63;-3,071
72,68;0,01;0;72,68;-3,071
72,73;0,01;0;72,73;-3,071
72,78;0,02;0;72,78;-3,071
72,83;0,02;0;72,83;-3,071
72,88;0,02;0;72,88;-3,071
72,93;0,02;0;72,93;-3,071
72,98;0,01;0;72,98;-3,071
73,03;0,01;0;73,03;-3,071
73,08;0,01;0;73,08;-3,071
73,13;0,02;0;73,13;-3,071
73,18;0,02;0;73,18;-3,071
73,23;0,02;0;73,23;-3,071
73,28;0,01;0;73,28;-3,071
73,33;0,02;0;73,33;-3,071
73,38;0,01;0;73,38;-3,071
73,43;0,02;0;73,43;-3,071
73,48;0,02;0;73,48;-3,071
73,53;0,02;0;73,53;-3,071
73,58;0,01;0;73,58;-3,071
73,63;0,01;0;73,63;-3,071
73,68;0,01;0;73,68;-3,071
73,73;0,02;0;73,73;-3,071
73,78;0,02;0;73,78;-3,071
73,83;0,02;0;73,83;-3,071
73,88;0,02;0;73,88;-3,071
73,93;0,02;0;73,93;-3,071
73,98;0,02;0;73,98;-3,071
74,03;0,02;0;74,03;-3,071
74,08;0,01;0;74,08;-3,071
74,13;0,01;0;74,13;-3,071
74,18;0,02;0;74,18;-3,071
74,23;0,02;0;74,23;-3,071
74,28;0,01;0;74,28;-3,071
74,33;0,02;0;74,33;-3,071
74,38;0,01;0;74,38;-3,071
74,43;0,02;0;74,43;-3,071
74,48;0,02;0;74,48;-3,071
74,53;0,02;0;74,53;-3,071
74,58;0,01;0;74,58;-3,071
74,63;0,01;0;74,63;-3,071
74,68;0,01;0;74,68;-3,071
74,73;0,02;0;74,73;-3,071
74,78;0,02;0;74,78;-3,071
74,83;0,02;0;74,83;-3,071
74,88;0,02;0;74,88;-3,071
74,93;0,02;0;74,93;-3,071
74,98;0,01;0;74,98;-3,071
75,03;0,02;0;75,03;-3,071
75,08;0,01;0;75,08;-3,071
75,13;0,01;0;75,13;-3,071
75,18;0,01;0;75,18;-3,071
75,23;0,02;0;75,23;-3,071
75,28;0,01;0;75,28;-3,071
75,33;0,02;0;75,33;-3,071
75,38;0,01;0;75,38;-3,071
75,43;0,02;0;75,43;-3,071
75,48;0,02;0;75,48;-3,071
75,53;0,02;0;75,53;-3,071
75,58;0,01;0;75,58;-3,071
75,63;0,02;0;75,63;-3,071
75,68;0,01;0;75,68;-3,071
75,73;0,01;0;75,73;-3,071
75,78;0,02;0;75,78;-3,071
75,83;0,02;0;75,83;-3,071
75,88;0,01;0;75,88;-3,071
75,93;0,02;0;75,93;-3,071
75,98;0,02;0;75,98;-3,071
76,03;0,02;0;76,03;-3,071
76,08;0,01;0;76,08;-3,071
76,13;0,01;0;76,13;-3,071
76,18;0,01;0;76,18;-3,071
76,23;0,02;0;76,23;-3,071
76,28;0,01;0;76,28;-3,071
76,33;0,02;0;76,33;-3,071
76,38;0,01;0;76,38;-3,071
76,43;0,01;0;76,43;-3,071
76,48;0,01;0;76,48;-3,071
76,53;0,01;0,1;76,53;-3,071
76,58;0,02;0;76,58;-3,071
76,63;0,02;0;76,63;-3,071
76,68;0,01;0;76,68;-3,071
76,73;0,02;0;76,73;-3,071
76,78;0,01;0;76,78;-3,071
76,83;0,02;0;76,83;-3,071
76,88;0,01;0;76,88;-3,071
76,93;0,01;0;76,93;-3,071
76,98;0,01;0;76,98;-3,071
77,03;0,01;0;77,03;-3,071
77,08;0,01;0,1;77,08;-3,071
77,13;0,02;0;77,13;-3,071
77,18;0,01;0;77,18;-3,071
77,23;0,02;0;77,23;-3,071
77,28;0,01;0;77,28;-3,071
77,33;0,02;0;77,33;-3,071
77,38;0,01;0;77,38;-3,071
77,43;0,01;0;77,43;-3,071
77,48;0,02;0;77,48;-3,071
77,53;0,02;0;77,53;-3,071
77,58;0,02;0;77,58;-3,071
77,63;0,02;0;77,63;-3,071
77,68;0,01;0;77,68;-3,071
77,73;0,02;0;77,73;-3,071
77,78;0,01;0;77,78;-3,071
77,83;0,01;0;77,83;-3,071
77,88;0,01;0;77,88;-3,071
77,93;0,01;0;77,93;-3,071
77,98;0,01;0;77,98;-3,071
78,03;0,02;0;78,03;-3,071
78,08;0,02;0;78,08;-3,071
78,13;0,02;0;78,13;-3,071
78,18;0,01;0;78,18;-3,071
78,23;0,02;0;78,23;-3,071
78,28;0,01;0;78,28;-3,071
78,33;0,02;0;78,33;-3,071
78,38;0,02;0;78,38;-3,071
78,43;0,02;0;78,43;-3,071
78,48;0,02;0;78,48;-3,071
78,53;0,01;0;78,53;-3,071
78,58;0,01;0;78,58;-3,071
78,63;0,01;0;78,63;-3,071
78,68;0,02;0;78,68;-3,071
78,73;0,02;0;78,73;-3,071
78,78;0,02;0;78,78;-3,071
78,83;0,02;0;78,83;-3,071
78,88;0,02;0;78,88;-3,071
78,93;0,02;0;78,93;-3,071
78,98;0,01;0;78,98;-3,071
79,03;0,01;0;79,03;-3,071
79,08;0,01;0;79,08;-3,071
79,13;0,02;0;79,13;-3,071
79,18;0,01;0;79,18;-3,071
79,23;0,02;0;79,23;-3,071
79,28;0,01;;79,28;-3,071
